Id,fid,ContPop,pob
12551,1,UAE,oman
120001,2,UAE,dubai
HGDP00448,3,Subsahara,
12572,4,UAE,palestine
120002,5,UAE,sharjah
HGDP00479,6,Subsahara,
12586,7,UAE,abu_dhabi
120003,8,UAE,al_ain
HGDP00985,9,Subsahara,
12608,10,UAE,kenya
120004,11,UAE,abu_dhabi
HGDP01094,12,Subsahara,
12677,13,UAE,abu_dhabi
120005,14,UAE,sharjah
HGDP00982,15,Subsahara,
12714,16,UAE,al_fujairah
120006,17,UAE,al_fujairah
HGDP00911,18,Subsahara,
12726,19,UAE,abu_dhabi
120007,20,UAE,
HGDP01202,21,Subsahara,
12738,22,UAE,dubai
120008,23,UAE,
HGDP00927,24,Subsahara,
12558,25,UAE,abu_dhabi
120009,26,UAE,sharjah
HGDP00461,27,Subsahara,
12573,28,UAE,abu_dhabi
120010,29,UAE,dubai
HGDP00451,30,Subsahara,
12587,31,UAE,abu_dhabi
120011,32,UAE,al_fujairah
HGDP00986,33,Subsahara,
12612,34,UAE,yemen
120012,35,UAE,dubai
HGDP00449,36,Subsahara,
12678,37,UAE,india
120013,38,UAE,abu_dhabi
HGDP00983,39,Subsahara,
12654,40,UAE,abu_dhabi
120014,41,UAE,dubai
HGDP00912,42,Subsahara,
12727,43,UAE,al_fujairah
120015,44,UAE,dubai
HGDP01283,45,Subsahara,
12739,46,UAE,abu_dhabi
120016,47,UAE,um_alquwain
HGDP00928,48,Subsahara,
12560,49,UAE,indonesia
120017,50,UAE,
HGDP00937,51,Subsahara,
12574,52,UAE,rak
120018,53,UAE,al_ain
HGDP01408,54,Subsahara,
12588,55,UAE,sri_lanka
120019,56,UAE,dubai
HGDP00991,57,Subsahara,
12615,58,UAE,india
120020,59,UAE,sharjah
HGDP01031,60,Subsahara,
12700,61,UAE,
120021,62,UAE,sharjah
HGDP01263,63,NorthAfrica,
12716,64,UAE,abu_dhabi
120022,65,UAE,
HGDP01275,66,NorthAfrica,
12728,67,UAE,dubai
120023,68,UAE,abu_dhabi
HGDP00611,69,MiddleEast,
12740,70,UAE,abu_dhabi
120024,71,UAE,dubai
HGDP00623,72,MiddleEast,
12561,73,UAE,abu_dhabi
120025,74,UAE,abu_dhabi
HGDP00634,75,MiddleEast,
12575,76,UAE,al_fujairah
120026,77,UAE,
HGDP00645,78,MiddleEast,
12589,79,UAE,um_alquwain
120027,80,UAE,
HGDP00557,81,MiddleEast,
12628,82,UAE,abu_dhabi
120028,83,UAE,dubai
HGDP00569,84,MiddleEast,
12704,85,UAE,uae
120029,86,UAE,dubai
HGDP00581,87,MiddleEast,
12717,88,UAE,rak
120030,89,UAE,abu_dhabi
HGDP00594,90,MiddleEast,
12729,91,UAE,abu_dhabi
120031,92,UAE,dubai
HGDP00675,93,MiddleEast,
12741,94,UAE,rak
120032,95,UAE,abu_dhabi
HGDP00687,96,MiddleEast,
10231,97,UAE,dubai
120033,98,UAE,abu_dhabi
HGDP00697,99,MiddleEast,
12577,100,UAE,abu_dhabi
120034,101,UAE,al_ain
HGDP00729,102,MiddleEast,
12590,103,UAE,rak
120035,104,UAE,dubai
HGDP00741,105,MiddleEast,
12629,106,UAE,indonesia
120036,107,UAE,
HGDP00011,108,CentralSouthAsia,
12706,109,UAE,saudi_arabia
120037,110,UAE,al_ain
HGDP00035,111,CentralSouthAsia,
12718,112,UAE,abu_dhabi
120038,113,UAE,abu_dhabi
HGDP00058,114,CentralSouthAsia,
12730,115,UAE,sharjah
120039,116,UAE,abu_dhabi
HGDP00082,117,CentralSouthAsia,
12742,118,UAE,abu_dhabi
120040,119,UAE,abu_dhabi
HGDP00103,120,CentralSouthAsia,
12553,121,UAE,yemen
120042,122,UAE,um_alquwain
HGDP00938,123,Subsahara,
12578,124,UAE,dubai
120043,125,UAE,dubai
HGDP01411,126,Subsahara,
12593,127,UAE,uae
120044,128,UAE,abu_dhabi
HGDP01264,129,NorthAfrica,
12631,130,UAE,uae
120045,131,UAE,abu_dhabi
HGDP01276,132,NorthAfrica,
12636,133,UAE,yemen
120046,134,UAE,
HGDP00612,135,MiddleEast,
12719,136,UAE,rak
120047,137,UAE,
HGDP00624,138,MiddleEast,
12731,139,UAE,abu_dhabi
120048,140,UAE,
HGDP00635,141,MiddleEast,
12743,142,UAE,al_fujairah
120049,143,UAE,dubai
HGDP00646,144,MiddleEast,
12566,145,UAE,yemen
120050,146,UAE,al_ain
HGDP00558,147,MiddleEast,
12610,148,UAE,yemen
120051,149,UAE,al_ain
HGDP00570,150,MiddleEast,
12594,151,UAE,sharjah
120052,152,UAE,abu_dhabi
HGDP00582,153,MiddleEast,
12617,154,UAE,yemen
120053,155,UAE,sharjah
HGDP00595,156,MiddleEast,
12708,157,UAE,al_ain
120054,158,UAE,al_ain
HGDP00676,159,MiddleEast,
12720,160,UAE,rak
120055,161,UAE,al_ain
HGDP00688,162,MiddleEast,
12659,163,UAE,yemen
120056,164,UAE,
HGDP00698,165,MiddleEast,
12744,166,UAE,rak
120057,167,UAE,dubai
HGDP00730,168,MiddleEast,
12567,169,UAE,abu_dhabi
120058,170,UAE,dubai
HGDP00742,171,MiddleEast,
12580,172,UAE,canada
120059,173,UAE,dubai
HGDP00013,174,CentralSouthAsia,
12595,175,UAE,al_ain
120060,176,UAE,
HGDP00037,177,CentralSouthAsia,
12655,178,UAE,yemen
120061,179,UAE,al_ain
HGDP00060,180,CentralSouthAsia,
12709,181,UAE,rak
120062,182,UAE,
HGDP00084,183,CentralSouthAsia,
12721,184,UAE,rak
120063,185,UAE,rak
HGDP00104,186,CentralSouthAsia,
12733,187,UAE,sharjah
120064,188,UAE,al_ain
HGDP00464,189,Subsahara,
12745,190,UAE,dubai
120065,191,UAE,rak
HGDP01084,192,Subsahara,
12568,193,UAE,abu_dhabi
120066,194,UAE,yemen
HGDP00450,195,Subsahara,
12581,196,UAE,yemen
120067,197,UAE,abu_dhabi
HGDP00984,198,Subsahara,
12596,199,UAE,abu_dhabi
120068,200,UAE,sharjah
HGDP00913,201,Subsahara,
12657,202,UAE,uae
120069,203,UAE,sharjah
HGDP01284,204,Subsahara,
12638,205,UAE,yemen
120070,206,UAE,sharjah
HGDP00929,207,Subsahara,
12722,208,UAE,abu_dhabi
120071,209,UAE,dubai
HGDP00939,210,Subsahara,
12734,211,UAE,sharjah
120072,212,UAE,abu_dhabi
HGDP01412,213,Subsahara,
12746,214,UAE,abu_dhabi
120073,215,UAE,al_ain
HGDP01029,216,Subsahara,
12569,217,UAE,palestine
120074,218,UAE,sharjah
HGDP01253,219,NorthAfrica,
12582,220,UAE,dubai
120075,221,UAE,sharjah
HGDP01265,222,NorthAfrica,
12599,223,UAE,uae
120076,224,UAE,dubai
HGDP01277,225,NorthAfrica,
12660,226,UAE,oman
120077,227,UAE,abu_dhabi
HGDP00613,228,MiddleEast,
12711,229,UAE,abu_dhabi
120078,230,UAE,dubai
HGDP00636,231,MiddleEast,
12723,232,UAE,ajman
120079,233,UAE,dubai
HGDP00647,234,MiddleEast,
12735,235,UAE,india
120080,236,UAE,dubai
HGDP00559,237,MiddleEast,
12747,238,UAE,rak
120081,239,UAE,sharjah
HGDP00571,240,MiddleEast,
12606,241,UAE,yemen
120082,242,UAE,abu_dhabi
HGDP00583,243,MiddleEast,
12584,244,UAE,abu_dhabi
120083,245,UAE,sharjah
HGDP00597,246,MiddleEast,
12600,247,UAE,abu_dhabi
120084,248,UAE,abu_dhabi
HGDP00677,249,MiddleEast,
12665,250,UAE,oman
120085,251,UAE,rak
HGDP00689,252,MiddleEast,
12645,253,UAE,yemen
120086,254,UAE,abu_dhabi
HGDP00465,255,Subsahara,
12724,256,UAE,abu_dhabi
120087,257,UAE,abu_dhabi
HGDP01085,258,Subsahara,
12736,259,UAE,sharjah
120089,260,UAE,dubai
HGDP00456,261,Subsahara,
12748,262,UAE,abu_dhabi
120090,263,UAE,abu_dhabi
HGDP01081,264,Subsahara,
12571,265,UAE,abu_dhabi
120091,266,UAE,abu_dhabi
HGDP00914,267,Subsahara,
12585,268,UAE,abu_dhabi
120092,269,UAE,al_fujairah
HGDP01285,270,Subsahara,
12603,271,UAE,palestine
120093,272,UAE,abu_dhabi
HGDP00930,273,Subsahara,
12674,274,UAE,abu_dhabi
120094,275,UAE,al_ain
HGDP00940,276,Subsahara,
12713,277,UAE,abu_dhabi
120095,278,UAE,abu_dhabi
HGDP01413,279,Subsahara,
12725,280,UAE,al_ain
120096,281,UAE,dubai
HGDP01032,282,Subsahara,
12737,283,UAE,yemen
120097,284,UAE,sharjah
HGDP01254,285,NorthAfrica,
12749,286,UAE,sharjah
120098,287,UAE,al_ain
HGDP01266,288,NorthAfrica,
12750,289,UAE,abu_dhabi
120099,290,UAE,dubai
HGDP01278,291,NorthAfrica,
12762,292,UAE,abu_dhabi
120100,293,UAE,abu_dhabi
HGDP00614,294,MiddleEast,
12776,295,UAE,al_ain
120101,296,UAE,abu_dhabi
HGDP00626,297,MiddleEast,
12790,298,UAE,al_ain
120102,299,UAE,abu_dhabi
HGDP00637,300,MiddleEast,
12804,301,UAE,abu_dhabi
120103,302,UAE,al_ain
HGDP00648,303,MiddleEast,
12816,304,UAE,yemen
120104,305,UAE,al_ain
HGDP00572,306,MiddleEast,
12828,307,UAE,abu_dhabi
120105,308,UAE,dubai
HGDP00584,309,MiddleEast,
12841,310,UAE,abu_dhabi
120106,311,UAE,al_ain
HGDP00598,312,MiddleEast,
12751,313,UAE,abu_dhabi
120107,314,UAE,dubai
HGDP00678,315,MiddleEast,
12763,316,UAE,qatar
120108,317,UAE,yemen
HGDP00690,318,MiddleEast,
12696,319,UAE,yemen
120109,320,UAE,abu_dhabi
HGDP00466,321,Subsahara,
12791,322,UAE,indonesia
120110,323,UAE,abu_dhabi
HGDP00454,324,Subsahara,
12805,325,UAE,uae
120111,326,UAE,dubai
HGDP01086,327,Subsahara,
12817,328,UAE,abu_dhabi
120112,329,UAE,dubai
HGDP00462,330,Subsahara,
12829,331,UAE,yemen
120113,332,UAE,ajman
HGDP00915,333,Subsahara,
12930,334,UAE,yemen
120114,335,UAE,dubai
HGDP01286,336,Subsahara,
12752,337,UAE,rak
120115,338,UAE,sharjah
HGDP00931,339,Subsahara,
12765,340,UAE,abu_dhabi
120116,341,UAE,abu_dhabi
HGDP00992,342,Subsahara,
12778,343,UAE,rak
120117,344,UAE,dubai
HGDP00941,345,Subsahara,
12792,346,UAE,abu_dhabi
120118,347,UAE,
HGDP01414,348,Subsahara,
12806,349,UAE,abu_dhabi
120119,350,UAE,sharjah
HGDP01036,351,Subsahara,
12818,352,UAE,abu_dhabi
120120,353,UAE,
HGDP01255,354,NorthAfrica,
12830,355,UAE,abu_dhabi
120121,356,UAE,sharjah
HGDP01267,357,NorthAfrica,
12843,358,UAE,abu_dhabi
120122,359,UAE,
HGDP01279,360,NorthAfrica,
12753,361,UAE,yemen
120123,362,UAE,sharjah
HGDP00615,363,MiddleEast,
12766,364,UAE,yemen
120124,365,UAE,
HGDP00627,366,MiddleEast,
12779,367,UAE,abu_dhabi
120125,368,UAE,abu_dhabi
HGDP00638,369,MiddleEast,
12793,370,UAE,abu_dhabi
120126,371,UAE,abu_dhabi
HGDP00649,372,MiddleEast,
12807,373,UAE,al_fujairah
120127,374,UAE,abu_dhabi
HGDP00561,375,MiddleEast,
12802,376,UAE,yemen
120128,377,UAE,ajman
HGDP00573,378,MiddleEast,
12832,379,UAE,dubai
120129,380,UAE,sharjah
HGDP00585,381,MiddleEast,
12844,382,UAE,ajman
120130,383,UAE,abu_dhabi
HGDP00599,384,MiddleEast,
12754,385,UAE,abu_dhabi
120131,386,UAE,abu_dhabi
HGDP00679,387,MiddleEast,
12688,388,UAE,indonesia
120132,389,UAE,al_ain
HGDP00691,390,MiddleEast,
12780,391,UAE,abu_dhabi
120133,392,UAE,al_ain
HGDP00469,393,Subsahara,
12794,394,UAE,al_fujairah
120134,395,UAE,sharjah
HGDP00455,396,Subsahara,
12808,397,UAE,
120135,398,UAE,abu_dhabi
HGDP01087,399,Subsahara,
12820,400,UAE,al_ain
120136,401,UAE,india
HGDP00463,402,Subsahara,
12833,403,UAE,al_ain
120137,404,UAE,abu_dhabi
HGDP00904,405,Subsahara,
12949,406,UAE,yemen
120138,407,UAE,sharjah
HGDP00916,408,Subsahara,
12755,409,UAE,sharjah
120139,410,UAE,
HGDP00920,411,Subsahara,
12768,412,UAE,rak
120140,413,UAE,dubai
HGDP00932,414,Subsahara,
12781,415,UAE,dubai
120141,416,UAE,al_fujairah
HGDP00942,417,Subsahara,
12795,418,UAE,sharjah
120142,419,UAE,abu_dhabi
HGDP01415,420,Subsahara,
12809,421,UAE,rak
120143,422,UAE,um_alquwain
HGDP00993,423,Subsahara,
12821,424,UAE,rak
120144,425,UAE,al_ain
HGDP01256,426,NorthAfrica,
12834,427,UAE,rak
120145,428,UAE,al_fujairah
HGDP01268,429,NorthAfrica,
12846,430,UAE,abu_dhabi
120146,431,UAE,abu_dhabi
HGDP01280,432,NorthAfrica,
12756,433,UAE,rak
120147,434,UAE,dubai
HGDP00616,435,MiddleEast,
12769,436,UAE,abu_dhabi
120148,437,UAE,al_ain
HGDP00628,438,MiddleEast,
12782,439,UAE,abu_dhabi
120149,440,UAE,sharjah
HGDP00639,441,MiddleEast,
12797,442,UAE,yemen
120150,443,UAE,abu_dhabi
HGDP00650,444,MiddleEast,
12810,445,UAE,abu_dhabi
120151,446,UAE,rak
HGDP00562,447,MiddleEast,
12822,448,UAE,dubai
120152,449,UAE,abu_dhabi
HGDP00574,450,MiddleEast,
12835,451,UAE,yemen
120153,452,UAE,abu_dhabi
HGDP00586,453,MiddleEast,
12847,454,UAE,al_ain
120154,455,UAE,al_ain
HGDP00600,456,MiddleEast,
12757,457,UAE,abu_dhabi
120155,458,UAE,dubai
HGDP00680,459,MiddleEast,
12770,460,UAE,abu_dhabi
120156,461,UAE,dubai
HGDP00692,462,MiddleEast,
12783,463,UAE,dubai
120157,464,UAE,um_alquwain
HGDP00933,465,Subsahara,
12798,466,UAE,dubai
120158,467,UAE,dubai
HGDP00470,468,Subsahara,
12811,469,UAE,al_fujairah
120159,470,UAE,sharjah
HGDP00457,471,Subsahara,
12823,472,UAE,rak
120160,473,UAE,abu_dhabi
HGDP01088,474,Subsahara,
12836,475,UAE,yemen
120161,476,UAE,al_fujairah
HGDP00467,477,Subsahara,
12848,478,UAE,al_ain
120162,479,UAE,abu_dhabi
HGDP00905,480,Subsahara,
12672,481,UAE,abu_dhabi
120163,482,UAE,al_ain
HGDP00917,483,Subsahara,
12771,484,UAE,al_ain
120164,485,UAE,ajman
HGDP00921,486,Subsahara,
12699,487,UAE,yemen
120165,488,UAE,dubai
HGDP00943,489,Subsahara,
12799,490,UAE,
120166,491,UAE,al_ain
HGDP01416,492,Subsahara,
12812,493,UAE,abu_dhabi
120167,494,UAE,rak
HGDP00994,495,Subsahara,
12824,496,UAE,yemen
120168,497,UAE,dubai
HGDP01257,498,NorthAfrica,
12837,499,UAE,rak
120169,500,UAE,al_ain
HGDP01269,501,NorthAfrica,
12849,502,UAE,abu_dhabi
120170,503,UAE,dubai
HGDP01281,504,NorthAfrica,
12759,505,UAE,abu_dhabi
120171,506,UAE,dubai
HGDP00617,507,MiddleEast,
12695,508,UAE,abu_dhabi
120172,509,UAE,kuwait
HGDP00629,510,MiddleEast,
12786,511,UAE,al_ain
120173,512,UAE,abu_dhabi
HGDP00640,513,MiddleEast,
12800,514,UAE,al_fujairah
120174,515,UAE,sharjah
HGDP00651,516,MiddleEast,
12813,517,UAE,rak
120175,518,UAE,al_ain
HGDP00563,519,MiddleEast,
12825,520,UAE,abu_dhabi
120176,521,UAE,abu_dhabi
HGDP00575,522,MiddleEast,
12838,523,UAE,abu_dhabi
120177,524,UAE,abu_dhabi
HGDP00587,525,MiddleEast,
12850,526,UAE,al_ain
120178,527,UAE,al_ain
HGDP00601,528,MiddleEast,
12760,529,UAE,rak
120179,530,UAE,abu_dhabi
HGDP00681,531,MiddleEast,
12774,532,UAE,abu_dhabi
120180,533,UAE,al_ain
HGDP00693,534,MiddleEast,
12787,535,UAE,yemen
120181,536,UAE,dubai
HGDP00473,537,Subsahara,
12801,538,UAE,dubai
120182,539,UAE,abu_dhabi
HGDP00459,540,Subsahara,
12814,541,UAE,rak
120183,542,UAE,abu_dhabi
HGDP01090,543,Subsahara,
12826,544,UAE,rak
120184,545,UAE,al_ain
HGDP00471,546,Subsahara,
12839,547,UAE,abu_dhabi
120185,548,UAE,dubai
HGDP00907,549,Subsahara,
12851,550,UAE,abu_dhabi
120186,551,UAE,abu_dhabi
HGDP00919,552,Subsahara,
12686,553,UAE,yemen
120187,554,UAE,oman
HGDP00923,555,Subsahara,
12775,556,UAE,al_ain
120188,557,UAE,abu_dhabi
HGDP00935,558,Subsahara,
12789,559,UAE,abu_dhabi
120189,560,UAE,dubai
HGDP01418,561,Subsahara,
12803,562,UAE,abu_dhabi
120190,563,UAE,dubai
HGDP01034,564,Subsahara,
12815,565,UAE,kenya
120191,566,UAE,dubai
HGDP01259,567,NorthAfrica,
12827,568,UAE,abu_dhabi
120192,569,UAE,abu_dhabi
HGDP01271,570,NorthAfrica,
12840,571,UAE,sharjah
120193,572,UAE,abu_dhabi
HGDP00607,573,MiddleEast,
12852,574,UAE,abu_dhabi
120194,575,UAE,rak
HGDP00619,576,MiddleEast,
12853,577,UAE,abu_dhabi
120195,578,UAE,al_fujairah
HGDP00631,579,MiddleEast,
12865,580,UAE,dubai
120196,581,UAE,abu_dhabi
HGDP00642,582,MiddleEast,
12877,583,UAE,abu_dhabi
120197,584,UAE,al_ain
HGDP00653,585,MiddleEast,
12889,586,UAE,rak
120198,587,UAE,rak
HGDP00565,588,MiddleEast,
12901,589,UAE,uae
120199,590,UAE,abu_dhabi
HGDP00577,591,MiddleEast,
12972,592,UAE,yemen
120200,593,UAE,abu_dhabi
HGDP00603,594,MiddleEast,
12928,595,UAE,
120201,596,UAE,
HGDP00683,597,MiddleEast,
12942,598,UAE,abu_dhabi
120202,599,UAE,dubai
HGDP00695,600,MiddleEast,
12950,601,UAE,yemen
120203,602,UAE,dubai
HGDP00472,603,Subsahara,
12866,604,UAE,al_fujairah
120204,605,UAE,abu_dhabi
HGDP00458,606,Subsahara,
12878,607,UAE,rak
120205,608,UAE,al_ain
HGDP01089,609,Subsahara,
12890,610,UAE,rak
120206,611,UAE,dubai
HGDP00468,612,Subsahara,
12902,613,UAE,ajman
120207,614,UAE,dubai
HGDP00906,615,Subsahara,
12916,616,UAE,abu_dhabi
120208,617,UAE,abu_dhabi
HGDP00918,618,Subsahara,
12929,619,UAE,abu_dhabi
120209,620,UAE,abu_dhabi
HGDP00922,621,Subsahara,
12943,622,UAE,kuwait
120210,623,UAE,abu_dhabi
HGDP00934,624,Subsahara,
12855,625,UAE,abu_dhabi
120211,626,UAE,abu_dhabi
HGDP00641,627,MiddleEast,
12867,628,UAE,abu_dhabi
120212,629,UAE,abu_dhabi
HGDP00564,630,MiddleEast,
12879,631,UAE,sharjah
120213,632,UAE,abu_dhabi
HGDP00576,633,MiddleEast,
12891,634,UAE,yemen
120214,635,UAE,abu_dhabi
HGDP00588,636,MiddleEast,
12903,637,UAE,oman
120215,638,UAE,
HGDP00602,639,MiddleEast,
12917,640,UAE,sudan
120216,641,UAE,abu_dhabi
HGDP00682,642,MiddleEast,
12931,643,UAE,abu_dhabi
120217,644,UAE,
HGDP00694,645,MiddleEast,
12944,646,UAE,dubai
120218,647,UAE,sharjah
HGDP00725,648,MiddleEast,
12856,649,UAE,abu_dhabi
120219,650,UAE,abu_dhabi
HGDP00736,651,MiddleEast,
12868,652,UAE,abu_dhabi
120220,653,UAE,al_ain
HGDP00001,654,CentralSouthAsia,
12880,655,UAE,yemen
120221,656,UAE,rak
HGDP00025,657,CentralSouthAsia,
12892,658,UAE,qatar
120222,659,UAE,abu_dhabi
HGDP00049,660,CentralSouthAsia,
12904,661,UAE,yemen
120223,662,UAE,dubai
HGDP00072,663,CentralSouthAsia,
12918,664,UAE,rak
120224,665,UAE,sharjah
HGDP00096,666,CentralSouthAsia,
12933,667,UAE,al_ain
120225,668,UAE,dubai
HGDP00475,669,Subsahara,
12945,670,UAE,abu_dhabi
120226,671,UAE,abu_dhabi
HGDP00460,672,Subsahara,
12857,673,UAE,rak
120227,674,UAE,sharjah
HGDP01091,675,Subsahara,
12869,676,UAE,sharjah
120228,677,UAE,al_ain
HGDP00474,678,Subsahara,
12881,679,UAE,rak
120229,680,UAE,abu_dhabi
HGDP00908,681,Subsahara,
12893,682,UAE,bahrain
120230,683,UAE,abu_dhabi
HGDP01199,684,Subsahara,
12905,685,UAE,abu_dhabi
120231,686,UAE,al_fujairah
HGDP00924,687,Subsahara,
12979,688,UAE,yemen
120232,689,UAE,al_ain
HGDP00936,690,Subsahara,
12934,691,UAE,al_ain
120233,692,UAE,sharjah
HGDP00643,693,MiddleEast,
12946,694,UAE,abu_dhabi
120234,695,UAE,sharjah
HGDP00654,696,MiddleEast,
12858,697,UAE,dubai
120235,698,UAE,dubai
HGDP00566,699,MiddleEast,
12870,700,UAE,qatar
120236,701,UAE,dubai
HGDP00578,702,MiddleEast,
12882,703,UAE,al_ain
120237,704,UAE,al_ain
HGDP00590,705,MiddleEast,
12894,706,UAE,abu_dhabi
120238,707,UAE,dubai
HGDP00604,708,MiddleEast,
12906,709,UAE,al_ain
120239,710,UAE,
HGDP00684,711,MiddleEast,
12981,712,UAE,yemen
120240,713,UAE,abu_dhabi
HGDP00696,714,MiddleEast,
12935,715,UAE,abu_dhabi
120241,716,UAE,
HGDP00727,717,MiddleEast,
12947,718,UAE,al_fujairah
120242,719,UAE,dubai
HGDP00738,720,MiddleEast,
12859,721,UAE,abu_dhabi
120243,722,UAE,al_ain
HGDP00005,723,CentralSouthAsia,
12871,724,UAE,abu_dhabi
120244,725,UAE,dubai
HGDP00029,726,CentralSouthAsia,
12883,727,UAE,sharjah
120245,728,UAE,abu_dhabi
HGDP00054,729,CentralSouthAsia,
12895,730,UAE,ajman
120246,731,UAE,al_ain
HGDP00076,732,CentralSouthAsia,
12907,733,UAE,yemen
120247,734,UAE,kuwait
HGDP00099,735,CentralSouthAsia,
12921,736,UAE,abu_dhabi
120248,737,UAE,al_ain
HGDP00113,738,CentralSouthAsia,
12936,739,UAE,sudan
120249,740,UAE,al_ain
HGDP00477,741,Subsahara,
12948,742,UAE,abu_dhabi
120250,743,UAE,al_ain
HGDP00980,744,Subsahara,
12860,745,UAE,abu_dhabi
120251,746,UAE,dubai
HGDP00476,747,Subsahara,
12872,748,UAE,saudi_arabia
120252,749,UAE,
HGDP00909,750,Subsahara,
12884,751,UAE,rak
120300,752,UAE,sharjah
HGDP01200,753,Subsahara,
12896,754,UAE,abu_dhabi
120301,755,UAE,sharjah
HGDP00925,756,Subsahara,
12908,757,UAE,uae
120302,758,UAE,abu_dhabi
HGDP00644,759,MiddleEast,
12923,760,UAE,abu_dhabi
120303,761,UAE,abu_dhabi
HGDP00701,762,MiddleEast,
12937,763,UAE,abu_dhabi
120304,764,UAE,rak
HGDP00567,765,MiddleEast,
12951,766,UAE,al_fujairah
120307,767,UAE,abu_dhabi
HGDP00579,768,MiddleEast,
12861,769,UAE,abu_dhabi
120310,770,UAE,al_fujairah
HGDP00591,771,MiddleEast,
12873,772,UAE,rak
120311,773,UAE,syria
HGDP00605,774,MiddleEast,
12885,775,UAE,al_ain
120312,776,UAE,rak
HGDP00685,777,MiddleEast,
12897,778,UAE,africa
120313,779,UAE,sharjah
HGDP00560,780,MiddleEast,
12909,781,UAE,uae
120314,782,UAE,dubai
HGDP00728,783,MiddleEast,
12924,784,UAE,abu_dhabi
120315,785,UAE,dubai
HGDP00739,786,MiddleEast,
12938,787,UAE,oman
120316,788,UAE,dubai
HGDP00007,789,CentralSouthAsia,
12952,790,UAE,al_ain
120318,791,UAE,dubai
HGDP00031,792,CentralSouthAsia,
12862,793,UAE,sharjah
120319,794,UAE,abu_dhabi
HGDP00056,795,CentralSouthAsia,
12874,796,UAE,yemen
120321,797,UAE,al_ain
HGDP00078,798,CentralSouthAsia,
12886,799,UAE,dubai
120325,800,UAE,dubai
HGDP00100,801,CentralSouthAsia,
12898,802,UAE,india
120326,803,UAE,dubai
HGDP00686,804,MiddleEast,
12911,805,UAE,rak
120327,806,UAE,abu_dhabi
HGDP01093,807,Subsahara,
12925,808,UAE,abu_dhabi
120328,809,UAE,dubai
HGDP00478,810,Subsahara,
12939,811,UAE,abu_dhabi
120330,812,UAE,abu_dhabi
HGDP00910,813,Subsahara,
12953,814,UAE,abu_dhabi
120331,815,UAE,abu_dhabi
HGDP00926,816,Subsahara,
12863,817,UAE,abu_dhabi
120333,818,UAE,sharjah
HGDP00988,819,Subsahara,
12875,820,UAE,rak
120335,821,UAE,al_ain
HGDP01035,822,Subsahara,
12887,823,UAE,abu_dhabi
120336,824,UAE,abu_dhabi
HGDP01262,825,NorthAfrica,
12899,826,UAE,yemen
120339,827,UAE,dubai
HGDP01274,828,NorthAfrica,
12912,829,UAE,al_fujairah
120341,830,UAE,dubai
HGDP00610,831,MiddleEast,
12926,832,UAE,abu_dhabi
120342,833,UAE,abu_dhabi
HGDP00622,834,MiddleEast,
12940,835,UAE,kuwait
120343,836,UAE,al_ain
HGDP00568,837,MiddleEast,
12954,838,UAE,kuwait
120345,839,UAE,abu_dhabi
HGDP00580,840,MiddleEast,
12864,841,UAE,bahrain
120346,842,UAE,dubai
HGDP00592,843,MiddleEast,
12876,844,UAE,abu_dhabi
120348,845,UAE,rak
HGDP00606,846,MiddleEast,
12888,847,UAE,rak
120349,848,UAE,abu_dhabi
HGDP00699,849,MiddleEast,
12900,850,UAE,yemen
120350,851,UAE,abu_dhabi
HGDP00731,852,MiddleEast,
12913,853,UAE,um_alquwain
120352,854,UAE,sharjah
HGDP00743,855,MiddleEast,
12927,856,UAE,al_ain
120353,857,UAE,dubai
HGDP00015,858,CentralSouthAsia,
12941,859,UAE,yemen
120355,860,UAE,abu_dhabi
HGDP00039,861,CentralSouthAsia,
12955,862,UAE,abu_dhabi
120357,863,UAE,sharjah
HGDP00062,864,CentralSouthAsia,
12956,865,UAE,rak
120358,866,UAE,abu_dhabi
HGDP00086,867,CentralSouthAsia,
12969,868,UAE,sharjah
120361,869,UAE,sharjah
HGDP00105,870,CentralSouthAsia,
12984,871,UAE,rak
120364,872,UAE,
HGDP00700,873,MiddleEast,
12996,874,UAE,abu_dhabi
120401,875,UAE,
HGDP00732,876,MiddleEast,
13010,877,UAE,abu_dhabi
120402,878,UAE,
HGDP00744,879,MiddleEast,
13025,880,UAE,rak
120518,881,UAE,
HGDP00017,882,CentralSouthAsia,
13039,883,UAE,sharjah
120405,884,UAE,dubai
HGDP00041,885,CentralSouthAsia,
13052,886,UAE,al_ain
120543,887,UAE,
HGDP00064,888,CentralSouthAsia,
12957,889,UAE,yemen
120544,890,UAE,
HGDP00088,891,CentralSouthAsia,
12970,892,UAE,abu_dhabi
120545,893,UAE,abu_dhabi
HGDP00106,894,CentralSouthAsia,
12985,895,UAE,dubai
120546,896,UAE,uae
HGDP00119,897,CentralSouthAsia,
12997,898,UAE,india
120547,899,UAE,abu_dhabi
HGDP00131,900,CentralSouthAsia,
13011,901,UAE,qatar
120548,902,UAE,rak
HGDP00146,903,CentralSouthAsia,
13021,904,UAE,yemen
120549,905,UAE,
HGDP00163,906,CentralSouthAsia,
13040,907,UAE,abu_dhabi
120550,908,UAE,uae
HGDP00187,909,CentralSouthAsia,
13053,910,UAE,abu_dhabi
120253,911,UAE,abu_dhabi
HGDP00210,912,CentralSouthAsia,
12958,913,UAE,abu_dhabi
120254,914,UAE,
HGDP00234,915,CentralSouthAsia,
12971,916,UAE,sudan
120255,917,UAE,dubai
HGDP00262,918,CentralSouthAsia,
12986,919,UAE,rak
120256,920,UAE,abu_dhabi
HGDP00290,921,CentralSouthAsia,
12998,922,UAE,uae
120257,923,UAE,
HGDP00321,924,CentralSouthAsia,
13012,925,UAE,abu_dhabi
120258,926,UAE,
HGDP00356,927,CentralSouthAsia,
13027,928,UAE,abu_dhabi
120259,929,UAE,abu_dhabi
HGDP00412,930,CentralSouthAsia,
13041,931,UAE,abu_dhabi
120260,932,UAE,al_fujairah
HGDP00973,933,EastAsia,
13054,934,UAE,rak
120261,935,UAE,abu_dhabi
HGDP00777,936,EastAsia,
12959,937,UAE,rak
120263,938,UAE,
HGDP00820,939,EastAsia,
12973,940,UAE,abu_dhabi
120264,941,UAE,
HGDP01291,942,EastAsia,
12987,943,UAE,rak
120265,944,UAE,
HGDP00722,945,MiddleEast,
12999,946,UAE,abu_dhabi
120266,947,UAE,abu_dhabi
HGDP00733,948,MiddleEast,
13013,949,UAE,rak
120268,950,UAE,dubai
HGDP00745,951,MiddleEast,
13028,952,UAE,abu_dhabi
120267,953,UAE,abu_dhabi
HGDP00019,954,CentralSouthAsia,
13042,955,UAE,abu_dhabi
120272,956,UAE,abu_dhabi
HGDP00043,957,CentralSouthAsia,
13055,958,UAE,rak
120273,959,UAE,um_alquwain
HGDP00066,960,CentralSouthAsia,
12960,961,UAE,rak
120274,962,UAE,abu_dhabi
HGDP00090,963,CentralSouthAsia,
12974,964,UAE,al_ain
120275,965,UAE,al_ain
HGDP00108,966,CentralSouthAsia,
12988,967,UAE,abu_dhabi
120276,968,UAE,iran
HGDP00120,969,CentralSouthAsia,
13000,970,UAE,egypt
120277,971,UAE,al_ain
HGDP00133,972,CentralSouthAsia,
13014,973,UAE,abu_dhabi
120278,974,UAE,dubai
HGDP00148,975,CentralSouthAsia,
13029,976,UAE,rak
120279,977,UAE,abu_dhabi
HGDP00165,978,CentralSouthAsia,
13043,979,UAE,dubai
120280,980,UAE,rak
HGDP00189,981,CentralSouthAsia,
13056,982,UAE,rak
120281,983,UAE,dubai
HGDP00213,984,CentralSouthAsia,
12961,985,UAE,um_alquwain
120283,986,UAE,sharjah
HGDP00237,987,CentralSouthAsia,
12975,988,UAE,india
120284,989,UAE,sharjah
HGDP00264,990,CentralSouthAsia,
12989,991,UAE,oman
120287,992,UAE,sharjah
HGDP00292,993,CentralSouthAsia,
13001,994,UAE,rak
120298,995,UAE,rak
HGDP00323,996,CentralSouthAsia,
13015,997,UAE,abu_dhabi
120299,998,UAE,sharjah
HGDP00359,999,CentralSouthAsia,
13030,1000,UAE,india
120451,1001,UAE,al_ain
HGDP00417,1002,CentralSouthAsia,
13045,1003,UAE,abu_dhabi
120453,1004,UAE,abu_dhabi
HGDP01021,1005,EastAsia,
13057,1006,UAE,egypt
120457,1007,UAE,
HGDP00778,1008,EastAsia,
12962,1009,UAE,saudi_arabia
120519,1010,UAE,
HGDP00821,1011,EastAsia,
12976,1012,UAE,abu_dhabi
120468,1013,UAE,rak
HGDP01292,1014,EastAsia,
12990,1015,UAE,rak
120471,1016,UAE,dubai
HGDP00723,1017,MiddleEast,
13003,1018,UAE,abu_dhabi
120472,1019,UAE,abu_dhabi
HGDP00734,1020,MiddleEast,
13016,1021,UAE,rak
120477,1022,UAE,al_ain
HGDP00746,1023,MiddleEast,
13031,1024,UAE,al_fujairah
120478,1025,UAE,abu_dhabi
HGDP00021,1026,CentralSouthAsia,
13046,1027,UAE,al_ain
120481,1028,UAE,dubai
HGDP00045,1029,CentralSouthAsia,
13060,1030,UAE,sharjah
120486,1031,UAE,dubai
HGDP00068,1032,CentralSouthAsia,
12964,1033,UAE,egypt
120499,1034,UAE,abu_dhabi
HGDP00092,1035,CentralSouthAsia,
12977,1036,UAE,sharjah
120506,1037,UAE,rak
HGDP00109,1038,CentralSouthAsia,
12991,1039,UAE,abu_dhabi
120520,1040,UAE,
HGDP00121,1041,CentralSouthAsia,
13004,1042,UAE,rak
120522,1043,UAE,
HGDP00134,1044,CentralSouthAsia,
13017,1045,UAE,abu_dhabi
120523,1046,UAE,
HGDP00149,1047,CentralSouthAsia,
13032,1048,UAE,iran
120525,1049,UAE,
HGDP00167,1050,CentralSouthAsia,
13047,1051,UAE,rak
120529,1052,UAE,
HGDP00191,1053,CentralSouthAsia,
13059,1054,UAE,yemen
120530,1055,UAE,
HGDP00214,1056,CentralSouthAsia,
12965,1057,UAE,india
120532,1058,UAE,
HGDP00239,1059,CentralSouthAsia,
12978,1060,UAE,rak
120533,1061,UAE,
HGDP00009,1062,CentralSouthAsia,
12992,1063,UAE,saudi_arabia
120534,1064,UAE,
HGDP00298,1065,CentralSouthAsia,
13005,1066,UAE,yemen
120535,1067,UAE,
HGDP00326,1068,CentralSouthAsia,
13020,1069,UAE,egypt
120536,1070,UAE,
HGDP00364,1071,CentralSouthAsia,
13033,1072,UAE,dubai
120537,1073,UAE,
HGDP00423,1074,CentralSouthAsia,
13048,1075,UAE,yemen
120538,1076,UAE,abu_dhabi
HGDP00775,1077,EastAsia,
13062,1078,UAE,al_fujairah
120539,1079,UAE,dubai
HGDP00780,1080,EastAsia,
12966,1081,UAE,india
120540,1082,UAE,abu_dhabi
HGDP00822,1083,EastAsia,
12980,1084,UAE,rak
120541,1085,UAE,yemen
HGDP01293,1086,EastAsia,
10817,1087,UAE,
12993,1088,UAE,india
HGDP00724,1089,MiddleEast,
10803,1090,UAE,
13007,1091,UAE,yemen
HGDP00735,1092,MiddleEast,
10004,1093,UAE,
13022,1094,UAE,abu_dhabi
HGDP00047,1095,CentralSouthAsia,
10154,1096,UAE,al_fujairah
13044,1097,UAE,yemen
HGDP00070,1098,CentralSouthAsia,
10173,1099,UAE,abu_dhabi
13049,1100,UAE,abu_dhabi
HGDP00094,1101,CentralSouthAsia,
10174,1102,UAE,rak
13063,1103,UAE,palestine
HGDP00110,1104,CentralSouthAsia,
10181,1105,UAE,rak
12967,1106,UAE,abu_dhabi
HGDP00740,1107,MiddleEast,
10189,1108,UAE,yemen
12982,1109,UAE,al_ain
HGDP00122,1110,CentralSouthAsia,
10202,1111,UAE,abu_dhabi
12994,1112,UAE,rak
HGDP00135,1113,CentralSouthAsia,
10203,1114,UAE,al_ain
13008,1115,UAE,abu_dhabi
HGDP00150,1116,CentralSouthAsia,
10205,1117,UAE,sharjah
13023,1118,UAE,sharjah
HGDP00169,1119,CentralSouthAsia,
10216,1120,UAE,abu_dhabi
13036,1121,UAE,sharjah
HGDP00192,1122,CentralSouthAsia,
13050,1123,UAE,rak
120282,1124,UAE,al_ain
HGDP00216,1125,CentralSouthAsia,
13064,1126,UAE,abu_dhabi
120322,1127,UAE,abu_dhabi
HGDP00241,1128,CentralSouthAsia,
12968,1129,UAE,rak
120390,1130,UAE,rak
HGDP00267,1131,CentralSouthAsia,
10406,1132,UAE,sharjah
12983,1133,UAE,sharjah
HGDP00302,1134,CentralSouthAsia,
10348,1135,UAE,yemen
12995,1136,UAE,abu_dhabi
HGDP00328,1137,CentralSouthAsia,
13009,1138,UAE,abu_dhabi
120290,1139,UAE,al_ain
HGDP00371,1140,CentralSouthAsia,
10339,1141,UAE,oman
13024,1142,UAE,india
HGDP00428,1143,CentralSouthAsia,
10333,1144,UAE,sharjah
13038,1145,UAE,abu_dhabi
HGDP00779,1146,EastAsia,
13051,1147,UAE,abu_dhabi
120292,1148,UAE,al_ain
HGDP00781,1149,EastAsia,
10306,1150,UAE,yemen
13065,1151,UAE,rak
HGDP00972,1152,EastAsia,
10407,1153,UAE,abu_dhabi
13066,1154,UAE,abu_dhabi
HGDP01294,1155,EastAsia,
10410,1156,UAE,rak
13081,1157,UAE,rak
HGDP01201,1158,Subsahara,
10413,1159,UAE,abu_dhabi
13094,1160,UAE,abu_dhabi
HGDP01101,1161,EastAsia,
10425,1162,UAE,dubai
13106,1163,UAE,abu_dhabi
HGDP01186,1164,EastAsia,
10427,1165,UAE,yemen
13120,1166,UAE,al_ain
HGDP01198,1167,EastAsia,
10429,1168,UAE,abu_dhabi
13129,1169,UAE,yemen
HGDP01213,1170,EastAsia,
10454,1171,UAE,dubai
13150,1172,UAE,india
HGDP01225,1173,EastAsia,
10488,1174,UAE,abu_dhabi
13169,1175,UAE,dubai
HGDP01237,1176,EastAsia,
10493,1177,UAE,sharjah
13107,1178,UAE,yemen
HGDP01249,1179,EastAsia,
10651,1180,UAE,abu_dhabi
13082,1181,UAE,abu_dhabi
HGDP01305,1182,CentralSouthAsia,
10672,1183,UAE,
13095,1184,UAE,al_ain
HGDP01102,1185,EastAsia,
10675,1186,UAE,oman
13108,1187,UAE,dubai
HGDP01187,1188,EastAsia,
10702,1189,UAE,yemen
13121,1190,UAE,sharjah
HGDP01214,1191,EastAsia,
13135,1192,UAE,abu_dhabi
120396,1193,UAE,
HGDP01226,1194,EastAsia,
10705,1195,UAE,
13151,1196,UAE,abu_dhabi
HGDP01238,1197,EastAsia,
13170,1198,UAE,egypt
120398,1199,UAE,
HGDP01250,1200,EastAsia,
10707,1201,UAE,sharjah
13068,1202,UAE,al_ain
HGDP01306,1203,CentralSouthAsia,
10708,1204,UAE,abu_dhabi
13083,1205,UAE,abu_dhabi
HGDP00102,1206,CentralSouthAsia,
10711,1207,UAE,abu_dhabi
13096,1208,UAE,rak
HGDP01100,1209,EastAsia,
13115,1210,UAE,yemen
120399,1211,UAE,dubai
HGDP01185,1212,EastAsia,
13122,1213,UAE,sharjah
120400,1214,UAE,dubai
HGDP01197,1215,EastAsia,
10733,1216,UAE,sharjah
13136,1217,UAE,india
HGDP01212,1218,EastAsia,
10737,1219,UAE,abu_dhabi
13152,1220,UAE,abu_dhabi
HGDP01224,1221,EastAsia,
10739,1222,UAE,abu_dhabi
13171,1223,UAE,qatar
HGDP01236,1224,EastAsia,
10742,1225,UAE,abu_dhabi
13069,1226,UAE,rak
HGDP01248,1227,EastAsia,
10743,1228,UAE,abu_dhabi
13084,1229,UAE,rak
HGDP01304,1230,CentralSouthAsia,
10745,1231,UAE,abu_dhabi
13097,1232,UAE,iraq
HGDP00726,1233,MiddleEast,
10748,1234,UAE,indonesia
13110,1235,UAE,iran
HGDP00737,1236,MiddleEast,
10758,1237,UAE,al_fujairah
13123,1238,UAE,abu_dhabi
HGDP00003,1239,CentralSouthAsia,
10772,1240,UAE,rak
13137,1241,UAE,rak
HGDP00027,1242,CentralSouthAsia,
10785,1243,UAE,abu_dhabi
13154,1244,UAE,abu_dhabi
HGDP00052,1245,CentralSouthAsia,
10800,1246,UAE,sharjah
13172,1247,UAE,abu_dhabi
HGDP00074,1248,CentralSouthAsia,
13070,1249,UAE,india
120293,1250,UAE,dubai
HGDP00098,1251,CentralSouthAsia,
10853,1252,UAE,abu_dhabi
13085,1253,UAE,al_fujairah
HGDP00112,1254,CentralSouthAsia,
10868,1255,UAE,abu_dhabi
13098,1256,UAE,india
HGDP00125,1257,CentralSouthAsia,
13111,1258,UAE,india
120294,1259,UAE,usa
HGDP00137,1260,CentralSouthAsia,
10874,1261,UAE,rak
13124,1262,UAE,abu_dhabi
HGDP00153,1263,CentralSouthAsia,
10877,1264,UAE,yemen
13138,1265,UAE,al_ain
HGDP00173,1266,CentralSouthAsia,
10881,1267,UAE,qatar
13155,1268,UAE,rak
HGDP00197,1269,CentralSouthAsia,
10884,1270,UAE,kuwait
13173,1271,UAE,abu_dhabi
HGDP00220,1272,CentralSouthAsia,
10885,1273,UAE,sharjah
13071,1274,UAE,bahrain
HGDP00244,1275,CentralSouthAsia,
10888,1276,UAE,sharjah
13087,1277,UAE,rak
HGDP00277,1278,CentralSouthAsia,
13099,1279,UAE,oman
120407,1280,UAE,dubai
HGDP00307,1281,CentralSouthAsia,
10896,1282,UAE,rak
13112,1283,UAE,dubai
HGDP00333,1284,CentralSouthAsia,
10898,1285,UAE,al_ain
13125,1286,UAE,abu_dhabi
HGDP00376,1287,CentralSouthAsia,
10902,1288,UAE,abu_dhabi
13141,1289,UAE,yemen
HGDP00438,1290,CentralSouthAsia,
10920,1291,UAE,abu_dhabi
13157,1292,UAE,sharjah
HGDP00815,1293,EastAsia,
10925,1294,UAE,al_ain
13174,1295,UAE,yemen
HGDP00785,1296,EastAsia,
10930,1297,UAE,yemen
13073,1298,UAE,usa
HGDP00976,1299,EastAsia,
10933,1300,UAE,abu_dhabi
13088,1301,UAE,abu_dhabi
HGDP01296,1302,EastAsia,
10937,1303,UAE,abu_dhabi
13100,1304,UAE,yemen
HGDP00115,1305,CentralSouthAsia,
10945,1306,UAE,abu_dhabi
13113,1307,UAE,abu_dhabi
HGDP00129,1308,CentralSouthAsia,
10946,1309,UAE,abu_dhabi
13126,1310,UAE,yemen
HGDP00143,1311,CentralSouthAsia,
10949,1312,UAE,al_ain
13142,1313,UAE,uae
HGDP00158,1314,CentralSouthAsia,
10222,1315,UAE,abu_dhabi
13143,1316,UAE,yemen
HGDP00181,1317,CentralSouthAsia,
10447,1318,UAE,
13175,1319,UAE,al_ain
HGDP00205,1320,CentralSouthAsia,
13074,1321,UAE,egypt
120408,1322,UAE,abu_dhabi
HGDP00228,1323,CentralSouthAsia,
10778,1324,UAE,abu_dhabi
13089,1325,UAE,yemen
HGDP00254,1326,CentralSouthAsia,
13101,1327,UAE,abu_dhabi
120262,1328,UAE,
HGDP00285,1329,CentralSouthAsia,
13114,1330,UAE,yemen
120291,1331,UAE,abu_dhabi
HGDP00313,1332,CentralSouthAsia,
13127,1333,UAE,yemen
120296,1334,UAE,rak
HGDP00341,1335,CentralSouthAsia,
13144,1336,UAE,dubai
120297,1337,UAE,dubai
HGDP00397,1338,CentralSouthAsia,
13161,1339,UAE,al_ain
120363,1340,UAE,
HGDP00782,1341,EastAsia,
13176,1342,UAE,abu_dhabi
120365,1343,UAE,
HGDP00813,1344,EastAsia,
13076,1345,UAE,abu_dhabi
120369,1346,UAE,rak
HGDP01288,1347,EastAsia,
13090,1348,UAE,rak
120372,1349,UAE,ajman
HGDP01097,1350,EastAsia,
13102,1351,UAE,rak
120376,1352,UAE,al_ain
HGDP01182,1353,EastAsia,
13116,1354,UAE,africa
120409,1355,UAE,abu_dhabi
HGDP01194,1356,EastAsia,
13128,1357,UAE,al_fujairah
120378,1358,UAE,dubai
HGDP01209,1359,EastAsia,
13145,1360,UAE,abu_dhabi
120380,1361,UAE,abu_dhabi
HGDP01221,1362,EastAsia,
13162,1363,UAE,al_fujairah
120381,1364,UAE,dubai
HGDP01245,1365,EastAsia,
13177,1366,UAE,kenya
120383,1367,UAE,abu_dhabi
HGDP01301,1368,CentralSouthAsia,
13078,1369,UAE,abu_dhabi
120384,1370,UAE,
HGDP00116,1371,CentralSouthAsia,
13091,1372,UAE,abu_dhabi
120385,1373,UAE,
HGDP00130,1374,CentralSouthAsia,
13103,1375,UAE,sharjah
120386,1376,UAE,
HGDP00144,1377,CentralSouthAsia,
13117,1378,UAE,africa
120387,1379,UAE,
HGDP00160,1380,CentralSouthAsia,
13130,1381,UAE,al_ain
120306,1382,UAE,dubai
HGDP00183,1383,CentralSouthAsia,
13146,1384,UAE,india
120305,1385,UAE,abu_dhabi
HGDP00206,1386,CentralSouthAsia,
13164,1387,UAE,abu_dhabi
120324,1388,UAE,abu_dhabi
HGDP00230,1389,CentralSouthAsia,
13178,1390,UAE,africa
120347,1391,UAE,al_fujairah
HGDP00258,1392,CentralSouthAsia,
13079,1393,UAE,al_fujairah
120351,1394,UAE,dubai
HGDP00286,1395,CentralSouthAsia,
13092,1396,UAE,abu_dhabi
120354,1397,UAE,dubai
HGDP00315,1398,CentralSouthAsia,
13104,1399,UAE,sharjah
120359,1400,UAE,sharjah
HGDP00402,1401,CentralSouthAsia,
13118,1402,UAE,abu_dhabi
120406,1403,UAE,dubai
HGDP00783,1404,EastAsia,
13132,1405,UAE,bahrain
120542,1406,UAE,
HGDP00774,1407,EastAsia,
13148,1408,UAE,abu_dhabi
120269,1409,UAE,dubai
HGDP00817,1410,EastAsia,
13167,1411,UAE,rak
120344,1412,UAE,abu_dhabi
HGDP01289,1413,EastAsia,
13156,1414,UAE,yemen
120337,1415,UAE,abu_dhabi
HGDP01098,1416,EastAsia,
13080,1417,UAE,saudi_arabia
120271,1418,UAE,dubai
HGDP01183,1419,EastAsia,
13093,1420,UAE,uae
120411,1421,UAE,abu_dhabi
HGDP01195,1422,EastAsia,
13105,1423,UAE,abu_dhabi
120270,1424,UAE,al_ain
HGDP01210,1425,EastAsia,
13119,1426,UAE,abu_dhabi
120414,1427,UAE,dubai
HGDP01222,1428,EastAsia,
13133,1429,UAE,india
120317,1430,UAE,abu_dhabi
HGDP01234,1431,EastAsia,
10446,1432,UAE,oman
13149,1433,UAE,abu_dhabi
HGDP01246,1434,EastAsia,
10865,1435,UAE,um_alquwain
13168,1436,UAE,al_ain
HGDP01302,1437,CentralSouthAsia,
10879,1438,UAE,abu_dhabi
13180,1439,UAE,abu_dhabi
HGDP00118,1440,CentralSouthAsia,
10300,1441,UAE,
13181,1442,UAE,
HGDP00145,1443,CentralSouthAsia,
13182,1444,UAE,rak
120295,1445,UAE,al_fujairah
HGDP00161,1446,CentralSouthAsia,
13184,1447,UAE,al_ain
120415,1448,UAE,dubai
HGDP00185,1449,CentralSouthAsia,
13185,1450,UAE,al_fujairah
120388,1451,UAE,
HGDP00208,1452,CentralSouthAsia,
13187,1453,UAE,abu_dhabi
120395,1454,UAE,
HGDP00232,1455,CentralSouthAsia,
13188,1456,UAE,rak
120397,1457,UAE,
HGDP00259,1458,CentralSouthAsia,
13189,1459,UAE,india
120413,1460,UAE,sharjah
HGDP00033,1461,CentralSouthAsia,
13190,1462,UAE,yemen
120416,1463,UAE,abu_dhabi
HGDP00288,1464,CentralSouthAsia,
10031,1465,UAE,yemen
HGDP00319,1466,CentralSouthAsia,
120417,1467,UAE,sharjah
HGDP00351,1468,CentralSouthAsia,
120367,1469,UAE,
HGDP00407,1470,CentralSouthAsia,
10049,1471,UAE,abu_dhabi
HGDP00971,1472,EastAsia,
10151,1473,UAE,yemen
HGDP00776,1474,EastAsia,
10160,1475,UAE,al_ain
HGDP00819,1476,EastAsia,
10197,1477,UAE,abu_dhabi
HGDP01290,1478,EastAsia,
10325,1479,UAE,bahrain
HGDP01099,1480,EastAsia,
10328,1481,UAE,dubai
HGDP01184,1482,EastAsia,
10331,1483,UAE,dubai
HGDP01196,1484,EastAsia,
10405,1485,UAE,
HGDP01211,1486,EastAsia,
10434,1487,UAE,abu_dhabi
HGDP01223,1488,EastAsia,
10455,1489,UAE,dubai
HGDP01235,1490,EastAsia,
10948,1491,UAE,abu_dhabi
HGDP01247,1492,EastAsia,
10566,1493,UAE,
HGDP01303,1494,CentralSouthAsia,
10568,1495,UAE,abu_dhabi
HGDP00124,1496,CentralSouthAsia,
10403,1497,UAE,abu_dhabi
HGDP00136,1498,CentralSouthAsia,
10776,1499,UAE,abu_dhabi
HGDP00151,1500,CentralSouthAsia,
120420,1501,UAE,rak
HGDP00171,1502,CentralSouthAsia,
120421,1503,UAE,palestine
HGDP00195,1504,CentralSouthAsia,
10411,1505,UAE,al_ain
HGDP00218,1506,CentralSouthAsia,
10449,1507,UAE,rak
HGDP00243,1508,CentralSouthAsia,
120403,1509,UAE,
HGDP00274,1510,CentralSouthAsia,
120391,1511,UAE,
HGDP00304,1512,CentralSouthAsia,
HGDP00330,1513,CentralSouthAsia,
HGDP00372,1514,CentralSouthAsia,
HGDP00433,1515,CentralSouthAsia,
HGDP00814,1516,EastAsia,
HGDP00784,1517,EastAsia,
HGDP00975,1518,EastAsia,
HGDP01295,1519,EastAsia,
HGDP01104,1520,EastAsia,
HGDP01189,1521,EastAsia,
HGDP01204,1522,EastAsia,
HGDP01216,1523,EastAsia,
HGDP01228,1524,EastAsia,
HGDP01240,1525,EastAsia,
HGDP01308,1526,EastAsia,
HGDP00057,1527,CentralSouthAsia,
HGDP00127,1528,CentralSouthAsia,
HGDP00139,1529,CentralSouthAsia,
HGDP00154,1530,CentralSouthAsia,
HGDP00175,1531,CentralSouthAsia,
HGDP00199,1532,CentralSouthAsia,
HGDP00222,1533,CentralSouthAsia,
HGDP00279,1534,CentralSouthAsia,
HGDP00309,1535,CentralSouthAsia,
HGDP00382,1536,CentralSouthAsia,
HGDP00444,1537,CentralSouthAsia,
HGDP00818,1538,EastAsia,
HGDP00786,1539,EastAsia,
HGDP00977,1540,EastAsia,
HGDP01095,1541,EastAsia,
HGDP00080,1542,CentralSouthAsia,
HGDP01180,1543,EastAsia,
HGDP01191,1544,EastAsia,
HGDP01206,1545,EastAsia,
HGDP01218,1546,EastAsia,
HGDP01230,1547,EastAsia,
HGDP01242,1548,EastAsia,
HGDP01298,1549,CentralSouthAsia,
HGDP01310,1550,EastAsia,
HGDP00128,1551,CentralSouthAsia,
HGDP00140,1552,CentralSouthAsia,
HGDP00155,1553,CentralSouthAsia,
HGDP00177,1554,CentralSouthAsia,
HGDP00201,1555,CentralSouthAsia,
HGDP00224,1556,CentralSouthAsia,
HGDP00281,1557,CentralSouthAsia,
HGDP00141,1558,CentralSouthAsia,
HGDP00157,1559,CentralSouthAsia,
HGDP00179,1560,CentralSouthAsia,
HGDP00226,1561,CentralSouthAsia,
HGDP00251,1562,CentralSouthAsia,
HGDP01193,1563,EastAsia,
HGDP01208,1564,EastAsia,
HGDP01181,1565,EastAsia,
HGDP01192,1566,EastAsia,
HGDP01207,1567,EastAsia,
HGDP01231,1568,EastAsia,
HGDP01243,1569,EastAsia,
HGDP01299,1570,CentralSouthAsia,
HGDP01311,1571,EastAsia,
HGDP00311,1572,CentralSouthAsia,
HGDP00336,1573,CentralSouthAsia,
HGDP00388,1574,CentralSouthAsia,
HGDP00445,1575,CentralSouthAsia,
HGDP00974,1576,EastAsia,
HGDP00811,1577,EastAsia,
HGDP01096,1578,EastAsia,
HGDP01103,1579,EastAsia,
HGDP01188,1580,EastAsia,
HGDP01203,1581,EastAsia,
HGDP01215,1582,EastAsia,
HGDP01227,1583,EastAsia,
HGDP01239,1584,EastAsia,
HGDP01251,1585,EastAsia,
HGDP01307,1586,EastAsia,
HGDP01179,1587,EastAsia,
HGDP01190,1588,EastAsia,
HGDP01205,1589,EastAsia,
HGDP01217,1590,EastAsia,
HGDP01229,1591,EastAsia,
HGDP01241,1592,EastAsia,
HGDP01297,1593,CentralSouthAsia,
HGDP01309,1594,EastAsia,
HGDP01312,1595,EastAsia,
HGDP01323,1596,EastAsia,
HGDP01335,1597,EastAsia,
HGDP01347,1598,EastAsia,
HGDP00946,1599,EastAsia,
HGDP00958,1600,EastAsia,
HGDP00747,1601,EastAsia,
HGDP00759,1602,EastAsia,
HGDP00769,1603,EastAsia,
HGDP00712,1604,EastAsia,
HGDP00542,1605,Oceania,
HGDP00554,1606,Oceania,
HGDP00662,1607,Oceania,
HGDP01027,1608,Oceania,
HGDP00521,1609,Europe,
HGDP00533,1610,Europe,
HGDP01361,1611,Europe,
HGDP01372,1612,Europe,
HGDP00667,1613,Europe,
HGDP01066,1614,Europe,
HGDP01078,1615,Europe,
HGDP01172,1616,Europe,
HGDP00794,1617,Europe,
HGDP00806,1618,Europe,
HGDP01313,1619,EastAsia,
HGDP01324,1620,EastAsia,
HGDP01336,1621,EastAsia,
HGDP01348,1622,EastAsia,
HGDP00947,1623,EastAsia,
HGDP00959,1624,EastAsia,
HGDP00748,1625,EastAsia,
HGDP00760,1626,EastAsia,
HGDP00770,1627,EastAsia,
HGDP00713,1628,EastAsia,
HGDP00543,1629,Oceania,
HGDP00555,1630,Oceania,
HGDP00663,1631,Oceania,
HGDP00522,1632,Europe,
HGDP00534,1633,Europe,
HGDP01220,1634,EastAsia,
HGDP01362,1635,Europe,
HGDP01373,1636,Europe,
HGDP00668,1637,Europe,
HGDP01067,1638,Europe,
HGDP01079,1639,Europe,
HGDP01173,1640,Europe,
HGDP00795,1641,Europe,
HGDP00807,1642,Europe,
HGDP01314,1643,EastAsia,
HGDP01325,1644,EastAsia,
HGDP01337,1645,EastAsia,
HGDP01349,1646,EastAsia,
HGDP00948,1647,EastAsia,
HGDP00960,1648,EastAsia,
HGDP00749,1649,EastAsia,
HGDP00761,1650,EastAsia,
HGDP00771,1651,EastAsia,
HGDP00714,1652,EastAsia,
HGDP00544,1653,Oceania,
HGDP00556,1654,Oceania,
HGDP00664,1655,Oceania,
HGDP00511,1656,Europe,
HGDP00523,1657,Europe,
HGDP00535,1658,Europe,
HGDP01363,1659,Europe,
HGDP01374,1660,Europe,
HGDP00669,1661,Europe,
HGDP01068,1662,Europe,
HGDP01147,1663,Europe,
HGDP01174,1664,Europe,
HGDP00796,1665,Europe,
HGDP00808,1666,Europe,
HGDP01315,1667,EastAsia,
HGDP01326,1668,EastAsia,
HGDP01338,1669,EastAsia,
HGDP01350,1670,EastAsia,
HGDP00949,1671,EastAsia,
HGDP00961,1672,EastAsia,
HGDP00750,1673,EastAsia,
HGDP00762,1674,EastAsia,
HGDP00772,1675,EastAsia,
HGDP00715,1676,EastAsia,
HGDP00545,1677,Oceania,
HGDP00490,1678,Oceania,
HGDP00787,1679,Oceania,
HGDP00512,1680,Europe,
HGDP00524,1681,Europe,
HGDP00536,1682,Europe,
HGDP00338,1683,CentralSouthAsia,
HGDP00392,1684,CentralSouthAsia,
HGDP01023,1685,EastAsia,
HGDP00812,1686,EastAsia,
HGDP01287,1687,EastAsia,
HGDP00625,1688,MiddleEast,
HGDP01316,1689,EastAsia,
HGDP01327,1690,EastAsia,
HGDP01339,1691,EastAsia,
HGDP01351,1692,EastAsia,
HGDP00950,1693,EastAsia,
HGDP00962,1694,EastAsia,
HGDP00751,1695,EastAsia,
HGDP00763,1696,EastAsia,
HGDP00773,1697,EastAsia,
HGDP00716,1698,EastAsia,
HGDP00546,1699,Oceania,
HGDP00491,1700,Oceania,
HGDP00788,1701,Oceania,
HGDP00513,1702,Europe,
HGDP00525,1703,Europe,
HGDP00537,1704,Europe,
HGDP01334,1705,EastAsia,
HGDP01346,1706,EastAsia,
HGDP00945,1707,EastAsia,
HGDP00957,1708,EastAsia,
HGDP00969,1709,EastAsia,
HGDP00758,1710,EastAsia,
HGDP01317,1711,EastAsia,
HGDP01328,1712,EastAsia,
HGDP01340,1713,EastAsia,
HGDP01352,1714,EastAsia,
HGDP00951,1715,EastAsia,
HGDP00963,1716,EastAsia,
HGDP00752,1717,EastAsia,
HGDP00764,1718,EastAsia,
HGDP00790,1719,EastAsia,
HGDP00717,1720,EastAsia,
HGDP00547,1721,Oceania,
HGDP00655,1722,Oceania,
HGDP00789,1723,Oceania,
HGDP00514,1724,Europe,
HGDP00526,1725,Europe,
HGDP00538,1726,Europe,
HGDP01370,1727,Europe,
HGDP01063,1728,Europe,
HGDP01075,1729,Europe,
HGDP01156,1730,Europe,
HGDP01167,1731,Europe,
HGDP00803,1732,Europe,
HGDP01385,1733,Europe,
HGDP00023,1734,CentralSouthAsia,
HGDP01318,1735,EastAsia,
HGDP01329,1736,EastAsia,
HGDP01341,1737,EastAsia,
HGDP01353,1738,EastAsia,
HGDP00952,1739,EastAsia,
HGDP00964,1740,EastAsia,
HGDP00753,1741,EastAsia,
HGDP00765,1742,EastAsia,
HGDP00791,1743,EastAsia,
HGDP00718,1744,EastAsia,
HGDP00548,1745,Oceania,
HGDP00656,1746,Oceania,
HGDP00823,1747,Oceania,
HGDP00515,1748,Europe,
HGDP00527,1749,Europe,
HGDP00539,1750,Europe,
HGDP01388,1751,Europe,
HGDP00880,1752,Europe,
HGDP00892,1753,Europe,
HGDP01048,1754,America,
HGDP01060,1755,America,
HGDP00864,1756,America,
HGDP00876,1757,America,
HGDP00541,1758,Oceania,
HGDP00553,1759,Oceania,
HGDP00661,1760,Oceania,
HGDP00979,1761,Oceania,
HGDP00520,1762,Europe,
HGDP00532,1763,Europe,
HGDP01321,1764,EastAsia,
HGDP01332,1765,EastAsia,
HGDP01356,1766,EastAsia,
HGDP00955,1767,EastAsia,
HGDP00967,1768,EastAsia,
HGDP00756,1769,EastAsia,
HGDP01366,1770,Europe,
HGDP01377,1771,Europe,
HGDP00672,1772,Europe,
HGDP01071,1773,Europe,
HGDP01152,1774,Europe,
HGDP01162,1775,Europe,
HGDP00799,1776,Europe,
HGDP01381,1777,Europe,
HGDP00708,1778,America,
HGDP00998,1779,America,
HGDP01011,1780,America,
HGDP00833,1781,America,
HGDP00846,1782,America,
HGDP01010,1783,America,
HGDP00832,1784,America,
HGDP00845,1785,America,
HGDP01320,1786,EastAsia,
HGDP01331,1787,EastAsia,
HGDP01343,1788,EastAsia,
HGDP01355,1789,EastAsia,
HGDP00954,1790,EastAsia,
HGDP00966,1791,EastAsia,
HGDP00755,1792,EastAsia,
HGDP00767,1793,EastAsia,
HGDP00720,1794,EastAsia,
HGDP00550,1795,Oceania,
HGDP00658,1796,Oceania,
HGDP00825,1797,Oceania,
HGDP00517,1798,Europe,
HGDP00529,1799,Europe,
HGDP01358,1800,Europe,
HGDP00709,1801,America,
HGDP00999,1802,America,
HGDP01012,1803,America,
HGDP00834,1804,America,
HGDP00847,1805,America,
HGDP00666,1806,Europe,
HGDP01065,1807,Europe,
HGDP01077,1808,Europe,
HGDP00711,1809,EastAsia,
HGDP00540,1810,Oceania,
HGDP00552,1811,Oceania,
HGDP00978,1812,Oceania,
HGDP00519,1813,Europe,
HGDP00531,1814,Europe,
HGDP01360,1815,Europe,
HGDP01367,1816,Europe,
HGDP01378,1817,Europe,
HGDP00673,1818,Europe,
HGDP01072,1819,Europe,
HGDP01153,1820,Europe,
HGDP01163,1821,Europe,
HGDP00800,1822,Europe,
HGDP01382,1823,Europe,
HGDP00710,1824,America,
HGDP01000,1825,America,
HGDP01013,1826,America,
HGDP00835,1827,America,
HGDP00848,1828,America,
HGDP01171,1829,Europe,
HGDP01169,1830,Europe,
HGDP00805,1831,Europe,
HGDP01368,1832,Europe,
HGDP01379,1833,Europe,
HGDP00674,1834,Europe,
HGDP01073,1835,Europe,
HGDP01154,1836,Europe,
HGDP01164,1837,Europe,
HGDP00801,1838,Europe,
HGDP01383,1839,Europe,
HGDP01387,1840,Europe,
HGDP00879,1841,Europe,
HGDP00891,1842,Europe,
HGDP00903,1843,Europe,
HGDP01047,1844,America,
HGDP01059,1845,America,
HGDP00863,1846,America,
HGDP00875,1847,America,
HGDP00792,1848,America,
HGDP01001,1849,America,
HGDP01014,1850,America,
HGDP00837,1851,America,
HGDP00849,1852,America,
HGDP01232,1853,EastAsia,
HGDP01244,1854,EastAsia,
HGDP01300,1855,CentralSouthAsia,
HGDP01405,1856,Subsahara,
HGDP01419,1857,Subsahara,
HGDP01033,1858,Subsahara,
HGDP01260,1859,NorthAfrica,
HGDP01272,1860,NorthAfrica,
HGDP00608,1861,MiddleEast,
HGDP00620,1862,MiddleEast,
HGDP00632,1863,MiddleEast,
HGDP01369,1864,Europe,
HGDP01380,1865,Europe,
HGDP01062,1866,Europe,
HGDP01074,1867,Europe,
HGDP01155,1868,Europe,
HGDP01166,1869,Europe,
HGDP00802,1870,Europe,
HGDP01384,1871,Europe,
HGDP00793,1872,America,
HGDP01003,1873,America,
HGDP01015,1874,America,
HGDP00838,1875,America,
HGDP00850,1876,America,
HGDP00890,1877,Europe,
HGDP00902,1878,Europe,
HGDP01046,1879,America,
HGDP01371,1880,Europe,
HGDP00665,1881,Europe,
HGDP01064,1882,Europe,
HGDP01076,1883,Europe,
HGDP01157,1884,Europe,
HGDP01168,1885,Europe,
HGDP00804,1886,Europe,
HGDP01386,1887,Europe,
HGDP01396,1888,Europe,
HGDP00881,1889,Europe,
HGDP00893,1890,Europe,
HGDP01037,1891,America,
HGDP01049,1892,America,
HGDP01061,1893,America,
HGDP00865,1894,America,
HGDP00877,1895,America,
HGDP00827,1896,America,
HGDP01004,1897,America,
HGDP01016,1898,America,
HGDP00839,1899,America,
HGDP00851,1900,America,
HGDP01058,1901,America,
HGDP00862,1902,America,
HGDP00874,1903,America,
HGDP01417,1904,Subsahara,
HGDP01030,1905,Subsahara,
HGDP01258,1906,NorthAfrica,
HGDP01270,1907,NorthAfrica,
HGDP01282,1908,NorthAfrica,
HGDP00618,1909,MiddleEast,
HGDP00630,1910,MiddleEast,
HGDP01406,1911,Subsahara,
HGDP01028,1912,Subsahara,
HGDP01261,1913,NorthAfrica,
HGDP01273,1914,NorthAfrica,
HGDP00609,1915,MiddleEast,
HGDP00621,1916,MiddleEast,
HGDP00633,1917,MiddleEast,
HGDP01322,1918,EastAsia,
HGDP01333,1919,EastAsia,
HGDP01345,1920,EastAsia,
HGDP00956,1921,EastAsia,
HGDP00968,1922,EastAsia,
HGDP00757,1923,EastAsia,
HGDP00768,1924,EastAsia,
HGDP00843,1925,America,
HGDP01397,1926,Europe,
HGDP00882,1927,Europe,
HGDP00894,1928,Europe,
HGDP01038,1929,America,
HGDP01050,1930,America,
HGDP00854,1931,America,
HGDP00866,1932,America,
HGDP00878,1933,America,
HGDP01399,1934,Europe,
HGDP00884,1935,Europe,
HGDP00896,1936,Europe,
HGDP01040,1937,America,
HGDP01052,1938,America,
HGDP00856,1939,America,
HGDP00868,1940,America,
HGDP00702,1941,America,
HGDP00970,1942,America,
HGDP01005,1943,America,
HGDP01017,1944,America,
HGDP00840,1945,America,
HGDP00852,1946,America,
HGDP01006,1947,America,
HGDP01018,1948,America,
HGDP00841,1949,America,
HGDP00996,1950,America,
HGDP01008,1951,America,
HGDP00721,1952,EastAsia,
HGDP00551,1953,Oceania,
HGDP00518,1954,Europe,
HGDP00530,1955,Europe,
HGDP01359,1956,Europe,
HGDP01400,1957,Europe,
HGDP00885,1958,Europe,
HGDP00897,1959,Europe,
HGDP01041,1960,America,
HGDP01053,1961,America,
HGDP00857,1962,America,
HGDP00869,1963,America,
HGDP00703,1964,America,
HGDP00995,1965,America,
HGDP01007,1966,America,
HGDP01019,1967,America,
HGDP00842,1968,America,
HGDP00997,1969,America,
HGDP01009,1970,America,
HGDP00830,1971,America,
HGDP00844,1972,America,
HGDP00346,1973,CentralSouthAsia,
HGDP00203,1974,CentralSouthAsia,
HGDP01364,1975,Europe,
HGDP01375,1976,Europe,
HGDP00670,1977,Europe,
HGDP01069,1978,Europe,
HGDP01177,1979,Europe,
HGDP00797,1980,Europe,
HGDP00810,1981,Europe,
HGDP01401,1982,Europe,
HGDP00886,1983,Europe,
HGDP00898,1984,Europe,
HGDP01042,1985,America,
HGDP01054,1986,America,
HGDP00858,1987,America,
HGDP00870,1988,America,
HGDP00704,1989,America,
HGDP01402,1990,Europe,
HGDP00887,1991,Europe,
HGDP00899,1992,Europe,
HGDP01043,1993,America,
HGDP01055,1994,America,
HGDP00859,1995,America,
HGDP00871,1996,America,
HGDP00705,1997,America,
HGDP01398,1998,Europe,
HGDP00883,1999,Europe,
HGDP00895,2000,Europe,
HGDP01039,2001,America,
HGDP01051,2002,America,
HGDP00855,2003,America,
HGDP00867,2004,America,
HGDP01403,2005,Europe,
HGDP00888,2006,Europe,
HGDP00900,2007,Europe,
HGDP01044,2008,America,
HGDP01056,2009,America,
HGDP00860,2010,America,
HGDP00872,2011,America,
HGDP00706,2012,America,
HGDP00901,2013,Europe,
HGDP01045,2014,America,
HGDP01057,2015,America,
HGDP00861,2016,America,
HGDP00873,2017,America,
HGDP00707,2018,America,
HGDP01404,2019,Europe,
HGDP00889,2020,Europe,
HGDP01151,2021,Europe,
HGDP01330,2022,EastAsia,
HGDP00528,2023,Europe,
HGDP00719,2024,EastAsia,
HGDP01161,2025,Europe,
HGDP00828,2026,EastAsia,
HGDP00965,2027,EastAsia,
HGDP00516,2028,Europe,
HGDP01365,2029,Europe,
HGDP00766,2030,EastAsia,
HGDP00657,2031,Oceania,
HGDP01354,2032,EastAsia,
HGDP00798,2033,Europe,
HGDP01342,2034,EastAsia,
HGDP00824,2035,Oceania,
HGDP01319,2036,EastAsia,
HGDP01357,2037,Europe,
HGDP00549,2038,Oceania,
HGDP00953,2039,EastAsia,
HGDP01070,2040,Europe,
HGDP01376,2041,Europe,
HGDP00671,2042,Europe,
HGDP01024,2043,EastAsia,
